{
    "name": "里见光钻",
    "id": "diamond",
    "author": "是我祭祭哒",
    "notice": "@是我祭祭哒",
    "icon": "1.png",
    "url": "",
    "stickers": [
        {
            "name": "加钱",
            "id": "2",
            "src": "2.png"
        },
        {
            "name": "加油",
            "id": "1",
            "src": "1.png"
        },
        {
            "name": "感谢",
            "id": "3",
            "src": "3.png"
        },
        {
            "name": "睡",
            "id": "4",
            "src": "4.png"
        },
        {
            "name": "无语",
            "id": "5",
            "src": "5.png"
        },
        {
            "name": "疑惑",
            "id": "6",
            "src": "6.png"
        },
        {
            "name": "急",
            "id": "7",
            "src": "7.png"
        },
        {
            "name": "生气",
            "id": "8",
            "src": "8.png"
        },
        {
            "name": "冷",
            "id": "9",
            "src": "9.png"
        },
        {
            "name": "失望",
            "id": "10",
            "src": "10.png"
        },
        {
            "name": "开香槟",
            "id": "11",
            "src": "11.png"
        },
        {
            "name": "射了",
            "id": "12",
            "src": "12.png"
        },
        {
            "name": "喝茶",
            "id": "13",
            "src": "13.png"
        }
    ]
}