{
    "name": "待兼诗歌剧",
    "id": "sblj",
    "author": "是我祭祭哒",
    "notice": "@是我祭祭哒",
    "icon": "foxing.png",
    "url": "",
    "stickers": [
        {
            "name": "悲",
            "id": "sad",
            "src": "sad.png"
        },
        {
            "name": "傻",
            "id": "silly",
            "src": "silly.png"
        },
        {
            "name": "惊",
            "id": "shocked",
            "src": "shocked.png"
        },
        {
            "name": "哭",
            "id": "cry",
            "src": "cry.png"
        },
        {
            "name": "害羞",
            "id": "shy",
            "src": "shy.png"
        },
        {
            "name": "佛性",
            "id": "foxing",
            "src": "foxing.png"
        },
        {
            "name": "乐",
            "id": "happy",
            "src": "happy.png"
        },
        {
            "name": "困",
            "id": "sleepy",
            "src": "sleepy.png"
        }
    ]
}