{
    "name": "青云天空",
    "id": "sky",
    "author": "是我祭祭哒",
    "notice": "@是我祭祭哒",
    "icon": "1.png",
    "url": "",
    "stickers": [
        {
            "name": "悠闲",
            "id": "1",
            "src": "1.png"
        },
        {
            "name": "摊手",
            "id": "2",
            "src": "2.png"
        },
        {
            "name": "生气",
            "id": "3",
            "src": "3.png"
        },
        {
            "name": "趴",
            "id": "4",
            "src": "4.png"
        },
        {
            "name": "▶Whistle",
            "id": "5",
            "src": "5.png"
        },
        {
            "name": "审问",
            "id": "6",
            "src": "6.png"
        },
        {
            "name": "睡觉",
            "id": "7",
            "src": "7.png"
        },
        {
            "name": "耶",
            "id": "8",
            "src": "8.png"
        }
    ]
}