{
    "name": "特别周",
    "id": "week",
    "author": "是我祭祭哒",
    "notice": "@是我祭祭哒",
    "icon": "7.png",
    "url": "",
    "stickers": [
        {
            "name": "点赞",
            "id": "1",
            "src": "1.png"
        },
        {
            "name": "羡慕",
            "id": "2",
            "src": "2.png"
        },
        {
            "name": "悲",
            "id": "3",
            "src": "3.png"
        },
        {
            "name": "冲",
            "id": "4",
            "src": "4.png"
        },
        {
            "name": "呆",
            "id": "5",
            "src": "5.png"
        },
        {
            "name": "不给！",
            "id": "6",
            "src": "6.png"
        },
        {
            "name": "喜欢",
            "id": "7",
            "src": "7.png"
        },
        {
            "name": "疑问",
            "id": "8",
            "src": "8.png"
        }
    ]
}