{
    "name": "东海帝皇",
    "id": "teio",
    "author": "是我祭祭哒",
    "notice": "@是我祭祭哒",
    "icon": "1.png",
    "url": "",
    "stickers": [
        {
            "name": "开心",
            "id": "1",
            "src": "1.png"
        },
        {
            "name": "惊",
            "id": "2",
            "src": "2.png"
        },
        {
            "name": "怒",
            "id": "3",
            "src": "3.png"
        },
        {
            "name": "拒绝",
            "id": "4",
            "src": "4.png"
        },
        {
            "name": "耶",
            "id": "5",
            "src": "5.png"
        },
        {
            "name": "怕",
            "id": "6",
            "src": "6.png"
        },
        {
            "name": "哼",
            "id": "7",
            "src": "7.png"
        },
        {
            "name": "困",
            "id": "8",
            "src": "8.png"
        }
    ]
}