{
    "name": "乌拉拉",
    "id": "urara",
    "author": "是我祭祭哒",
    "notice": "@是我祭祭哒",
    "icon": "supported.png",
    "url": "",
    "stickers": [
        {
            "name": "困",
            "id": "sleepy",
            "src": "sleepy.png"
        },
        {
            "name": "伤心",
            "id": "sad",
            "src": "sad.png"
        },
        {
            "name": "嘲笑",
            "id": "lol",
            "src": "lol.png"
        },
        {
            "name": "哇哦",
            "id": "wow",
            "src": "wow.png"
        },
        {
            "name": "得意",
            "id": "huh",
            "src": "huh.png"
        },
        {
            "name": "打call",
            "id": "supported",
            "src": "supported.png"
        },
        {
            "name": "嫌弃",
            "id": "so_what",
            "src": "so_what.png"
        },
        {
            "name": "忍住",
            "id": "endure",
            "src": "endure.png"
        }
    ]
}