{
    "name": "北部玄驹",
    "id": "black",
    "author": "是我祭祭哒",
    "notice": "是我祭祭哒",
    "icon": "1.png",
    "url": "",
    "stickers": [
        {
            "name": "招手",
            "id": "1",
            "src": "1.png"
        },
        {
            "name": "呆",
            "id": "2",
            "src": "2.png"
        },
        {
            "name": "尴尬",
            "id": "3",
            "src": "3.png"
        },
        {
            "name": "大闹",
            "id": "4",
            "src": "4.png"
        },
        {
            "name": "生气",
            "id": "5",
            "src": "5.png"
        },
        {
            "name": "点赞",
            "id": "6",
            "src": "6.png"
        },
        {
            "name": "爱你",
            "id": "7",
            "src": "7.png"
        },
        {
            "name": "害羞",
            "id": "8",
            "src": "8.png"
        }
    ]
}