{
    "name": "米浴",
    "id": "rice",
    "author": "是我祭祭哒",
    "notice": "@是我祭祭哒",
    "icon": "3.png",
    "url": "",
    "stickers": [
        {
            "name": "伤心",
            "id": "5",
            "src": "5.png"
        },
        {
            "name": "嫌弃",
            "id": "7",
            "src": "7.png"
        },
        {
            "name": "困扰",
            "id": "4",
            "src": "4.png"
        },
        {
            "name": "害羞",
            "id": "1",
            "src": "1.png"
        },
        {
            "name": "开心",
            "id": "3",
            "src": "3.png"
        },
        {
            "name": "惊吓",
            "id": "2",
            "src": "2.png"
        },
        {
            "name": "犹豫",
            "id": "8",
            "src": "8.png"
        },
        {
            "name": "怒",
            "id": "6",
            "src": "6.png"
        }
    ]
}